Workbook

Sheet Base Mois
A1: Mois
A2: Tableau de location 3150 - Janvier
A3: Tableau de location 3150 - Février
A4: Tableau de location 3150 - Mars
A5: Tableau de location 3150 - Avril
A6: Tableau de location 3150 - Mai
A7: Tableau de location 3150 - Juin
A8: Tableau de location 3150 - Juillet
A9: Tableau de location 3150 - Août
A10: Tableau de location 3150 - Septembre
A11: Tableau de location 3150 - Octobre
A12: Tableau de location 3150 - Novembre
A13: Tableau de location 3150 - Décembre

Sheet Référence Téléphonique
A1: N°TLP | B1: Modèle mobile | C1: N° de tél | D1: type de forfait communication | E1: SMS/MMS illimité autorisé | F1: Data autorisée Zone europe | G1: international | H1: code PUK | I1: 2G/3G/4G | J1: Type réseau
A2: BEW170 | B2: huawei Mobile 4G wifi
A3: BEW172 | B3: huawei Mobile 4G wifi
A4: TLP1462 | B4: iPhone 5S | C4: 618215501 | D4: illimité zone Europe | E4: oui | F4: non | G4: oui | H4: 74001918 | I4: 3G/4G | J4: Telephone quadri-bande (850-900/1800-1900 Mhz) +wifi
A5: TLP1611 | B5: iPhone SE 32 Go | C5: 612938590 | D5: illimité zone Europe | E5: oui | F5: 10 Go, débit ralenti après dépassement | G5: oui | I5: 3G/4G | J5: Telephone quadri-bande (850-900/1800-1900 Mhz) +wifi
A6: TLP1733 | B6: Crosscall Spider X-1 | C6: 622591384 | D6: illimité zone Europe | E6: oui | F6: non | G6: oui | H6: 33547971 | I6: 2G | J6: Quadri-band : 850 MHz, 900 MHz, 1800 MHz et 1900 MHz
A7: TLP1734 | B7: Crosscall Spider X-1 | C7: 643722933 | D7: illimité zone Europe | E7: oui | F7: non | G7: oui | H7: 48968875 | I7: 2G | J7: Quadri-band : 850 MHz, 900 MHz, 1800 MHz et 1900 MHz
A8: TLP1735 | B8: Crosscall Spider X-1 | C8: 619666340 | D8: illimité zone Europe | E8: oui | F8: non | G8: oui | H8: 61557217 | I8: 2G | J8: Quadri-band : 850 MHz, 900 MHz, 1800 MHz et 1900 MHz
A9: TLP1736 | B9: Crosscall Spider X-1 | C9: 612652644 | D9: illimité zone Europe | E9: oui | F9: non | G9: oui | H9: 19111556 | I9: 2G | J9: Quadri-band : 850 MHz, 900 MHz, 1800 MHz et 1900 MHz
A10: TLP1762 | B10: Crosscall Spider X-4 | C10: 620024461 | D10: illimité zone Europe | E10: oui | F10: non | G10: oui | H10: 38395002 | I10: 2G/3G+ | J10: Quadri-band : 850 MHz, 900 MHz, 1800 MHz et 1900 MHz
A11: TLP1878 | B11: iPhone 7 | C11: 619634485 | D11: illimité zone Europe | E11: oui | F11: 10 Go, débit ralenti après dépassement | G11: oui | H11: 91359782 | I11: 3G/4G | J11: Telephone quadri-bande (850-900/1800-1900 Mhz) +wifi
A12: TLP2181 | B12: Crosscall Spider X-5 | C12: 688257136 | D12: illimité zone Europe | E12: oui | F12: non | G12: oui | H12: 74170930 | I12: 2G/3G+ | J12: Quadri-band : 850 MHz, 900 MHz, 1800 MHz et 1900 MHz
A13: TLP2183 | B13: Crosscall Spider X-5 | C13: 674926587 | D13: illimité zone Europe | E13: oui | F13: non | G13: oui | H13: 13424830 | I13: 2G/3G+ | J13: Quadri-band : 850 MHz, 900 MHz, 1800 MHz et 1900 MHz
A14: TLP2184 | B14: Crosscall Spider X-5 | C14: 620551613 | D14: illimité zone Europe | E14: oui | F14: non | G14: oui | H14: 43545949 | I14: 2G/3G+ | J14: Quadri-band : 850 MHz, 900 MHz, 1800 MHz et 1900 MHz
A15: TLP2196 | B15: CROSSCALL CORE M5 | C15: 787960488 | D15: illimité zone Europe | E15: oui | F15: 10 Go, débit ralenti après dépassement | G15: oui | H15: 62099281 | I15: 3G/4G | J15: ?
A16: TLP2197 | B16: CROSSCALL CORE M5 | C16: 635527070 | D16: illimité zone Europe | E16: oui | F16: 10 Go, débit ralenti après dépassement | G16: oui | H16: 44241457 | I16: 3G/4G | J16: ?
A17: TÉLÉPHONE MISSIONS SENSIBLE
A18: TLP1862 | B18: iPhone 7 | C18: 631578315 | D18: illimité zone Europe | E18: oui | F18: 10 Go, débit ralenti après dépassement | G18: oui | I18: 3G/4G
A19: TLP1866 | B19: iPhone 7 | C19: 631579126 | D19: illimité zone Europe | E19: oui | F19: 10 Go, débit ralenti après dépassement | G19: oui | I19: 3G/4G
A20: TLP1872 | B20: iPhone 7 | C20: 631577667 | D20: illimité zone Europe | E20: oui | F20: 10 Go, débit ralenti après dépassement | G20: oui | I20: 3G/4G
A21: TLP1887 | B21: iPhone 7 | C21: 631576199 | D21: illimité zone Europe | E21: oui | F21: 10 Go, débit ralenti après dépassement | G21: oui | I21: 3G/4G
A22: TLP1903 | B22: iPhone 7 | C22: 631579514 | D22: illimité zone Europe | E22: oui | F22: 10 Go, débit ralenti après dépassement | G22: oui | I22: 3G/4G
A23: TLP1904 | B23: iPhone 7 | C23: 631588174 | D23: illimité zone Europe | E23: oui | F23: 10 Go, débit ralenti après dépassement | G23: oui | I23: 3G/4G
A25: SUIVI CONSOMMATION FORFAIT ORANGE : 555
B27: Pour les Etats -Unis, le Japon, L'Australie, Taiwan, Singapoure et la Korée du Sud prendre des téléphones Tri-bande sinon cela ne fonctionne pas + site web fréquence mobile dans le monde https://www.worldtimezone.com/gsm.html

Sheet Base_numéro
A1: BEW170 - HUAWEI Mobile 4G | B1: Aucun numéro
A2: BEW172 - HUAWEI Mobile 4G | B2: Aucun numéro
A3: TLP1462 - iPhone 5S | B3: 618215501
A4: TLP1611 - iPhone SE 32 Go | B4: 612938590
A5: TLP1733 - Crosscall Spider X-1 | B5: 622591384
A6: TLP1734 - Crosscall Spider X-1 | B6: 643722933
A7: TLP1735 - Crosscall Spider X-1 | B7: 619666340
A8: TLP1736 - Crosscall Spider X-1 | B8: 612652644
A9: TLP1762 - Crosscall Spider X-4 | B9: 620024461
A10: TLP1862 - Mission Sensible | B10: 631578315 | I10: BEW170 - HUAWEI Mobile 4G | J10: Aucun numéro
A11: TLP1866 - Mission Sensible | B11: 631579126 | I11: BEW172 - HUAWEI Mobile 4G | J11: Aucun numéro
A12: TLP1872 - Mission Sensible | B12: 674926587 | I12: TLP1462 - iPhone 5S | J12: 618215501 | L12: ok
A13: TLP1878 - iPhone 7 - 10GB Data | B13: 619634485 | I13: TLP1611 - iPhone SE 32 Go | J13: 612938590 | L13: ok
A14: TLP1894 - Mission Sensible | B14: 631576199 | I14: TLP1733 - Crosscall Spider X-1 | J14: 622591384 | L14: ok
A15: TLP1903 - Mission Sensible | B15: 631579514 | I15: TLP1734 - Crosscall Spider X-1 | J15: 06 43 72 29 33 | L15: ok
A16: TLP1904 - Mission Sensible | B16: 631588174 | I16: TLP1735 - Crosscall Spider X-1 | J16: 06 19 66 63 40 | L16: ok
A17: TLP2181 - Crosscall Spider X-5 | B17: 688257136 | I17: TLP1736 - Crosscall Spider X-1 | J17: 06 12 65 26 44 | L17: ok
A18: TLP2183 - Crosscall Spider X-5 | B18: 674926587 | I18: TLP1762 - Crosscall Spider X-4 | J18: 06 20 02 44 61 | L18: ok
A19: TLP2184 - Crosscall Spider X-5 | B19: 620551613 | I19: TLP1862 - Mission Sensible | J19: 631578315 | L19: ok
A20: TLP2196 - CROSSCALL CORE M5 | B20: 787960488 | I20: TLP1866 - Mission Sensible | J20: 631579126 | L20: ok
A21: TLP2197 - CROSSCALL CORE M5 | B21: 635527070 | I21: TLP1872 - Mission Sensible | J21: 06 74 92 65 87 | L21: 631577667
I22: TLP1878 - iPhone 7 - 10GB Data | J22: 619634485 | L22: ok
I23: TLP1887 - Mission Sensible | J23: 631576199 | L23: ok
I24: TLP1903 - Mission Sensible | J24: 631579514 | L24: ok
I25: TLP1904 - Mission Sensible | J25: 631588174 | L25: ok
I26: TLP2181 - Crosscall Spider X-5 | J26: 688257136 | L26: ok
I27: TLP2183 - Crosscall Spider X-5 | J27: 674926587 | L27: ok
I28: TLP2184 - Crosscall Spider X-5 | J28: 620551613 | L28: ok
I29: TLP2196 - CROSSCALL CORE M5 | J29: 787960488 | L29: ok
I30: TLP2197 - CROSSCALL CORE M5 | J30: 635527070 | L30: ok

Sheet Base Janvier
A1: Liste déroulante | B1: N° de machine | C1: Quantités Initiale | D1: Quantités Restante | E1: Statut
A2: =IF(D2>0,B2," ") -> BEW170 - HUAWEI Mobile 4G | B2: BEW170 - HUAWEI Mobile 4G | C2: 1 | D2: =C2-(COUNTIF(Janvier!$N$5:$N$75,'Base Janvier'!E2)) -> 1 | E2: BEW170 - Loué
A3: =IF(D3>0,B3," ") -> BEW172 - HUAWEI Mobile 4G | B3: BEW172 - HUAWEI Mobile 4G | C3: 1 | D3: =C3-(COUNTIF(Janvier!$N$5:$N$75,'Base Janvier'!E3)) -> 1 | E3: BEW172 -Loué
A4: =IF(D4>0,B4," ") -> TLP1462 - iPhone 5S | B4: TLP1462 - iPhone 5S | C4: 1 | D4: =C4-(COUNTIF(Janvier!$N$5:$N$75,'Base Janvier'!E4)) -> 1 | E4: TLP1462 - Loué
A5: =IF(D5>0,B5," ") | B5: TLP1611 - iPhone SE 32 Go | C5: 1 | D5: =C5-(COUNTIF(Janvier!$N$5:$N$75,'Base Janvier'!E5)) -> 0 | E5: TLP1611 - Loué
A6: =IF(D6>0,B6," ") -> TLP1733 - Crosscall Spider X-1 | B6: TLP1733 - Crosscall Spider X-1 | C6: 1 | D6: =C6-(COUNTIF(Janvier!$N$5:$N$75,'Base Janvier'!E6)) -> 1 | E6: TLP1733 - Loué
A7: =IF(D7>0,B7," ") -> TLP1734 - Crosscall Spider X-1 | B7: TLP1734 - Crosscall Spider X-1 | C7: 1 | D7: =C7-(COUNTIF(Janvier!$N$5:$N$75,'Base Janvier'!E7)) -> 1 | E7: TLP1734 - Loué
A8: =IF(D8>0,B8," ") -> TLP1735 - Crosscall Spider X-1 | B8: TLP1735 - Crosscall Spider X-1 | C8: 1 | D8: =C8-(COUNTIF(Janvier!$N$5:$N$75,'Base Janvier'!E8)) -> 1 | E8: TLP1735 - Loué
A9: =IF(D9>0,B9," ") -> TLP1736 - Crosscall Spider X-1 | B9: TLP1736 - Crosscall Spider X-1 | C9: 1 | D9: =C9-(COUNTIF(Janvier!$N$5:$N$75,'Base Janvier'!E9)) -> 1 | E9: TLP1736 - Loué
A10: =IF(D10>0,B10," ") | B10: TLP1762 - Crosscall Spider X-4 | C10: 1 | D10: =C10-(COUNTIF(Janvier!$N$5:$N$75,'Base Janvier'!E10)) -> 0 | E10: TLP1762 - Loué
A11: =IF(D11>0,B11," ") | B11: TLP1862 - Mission Sensible | C11: 1 | D11: =C11-(COUNTIF(Janvier!$N$5:$N$75,'Base Janvier'!E11)) -> 0 | E11: TLP1862 - Loué
A12: =IF(D12>0,B12," ") -> TLP1866 - Mission Sensible | B12: TLP1866 - Mission Sensible | C12: 1 | D12: =C12-(COUNTIF(Janvier!$N$5:$N$75,'Base Janvier'!E12)) -> 1 | E12: TLP1866 - Loué
A13: =IF(D13>0,B13," ") -> TLP1872 - Mission Sensible | B13: TLP1872 - Mission Sensible | C13: 1 | D13: =C13-(COUNTIF(Janvier!$N$5:$N$75,'Base Janvier'!E13)) -> 1 | E13: TLP1872 - Loué
... A22: =IF(D22>0,B22," ") | B22: TLP2197 - CROSSCALL CORE M5 | C22: 1 | D22: =C22-(COUNTIF(Janvier!$N$5:$N$75,'Base Janvier'!E22)) -> 0 | E22: TLP2197 - Loué
E23: Prêt créé
E24: Location cloturé

Sheet Janvier
B3: Tableau de location 3150 - Janvier
B4: N° de téléphone | C4: N°Téléphone | D4: Nom de l'emprunteur | E4: N° de dossier | F4: Date début de Loc | G4: Date de fin de Loc prévu | H4: Retour location | I4: Récupéré par le | J4: imputation | K4: Destination | L4: N° Formulaire FE008 | M4: Enregistrement dans EDI | N4: Status
B5: TLP1611 - iPhone SE 32 Go | C5: =IFERROR(VLOOKUP(B5, Base_numéro!A:B, 2, FALSE), "") -> 612938590 | D5: FEROT Peggy | E5: DEM0000527 | F5: 45009 | G5: prolongé jusqu'au 30/06/2025 | J5: FP24DEP018 / 1 | K5: Orléans | N5: TLP1611 - Loué
B6: TLP1762 - Crosscall Spider X-4 | C6: =IFERROR(VLOOKUP(B6, Base_numéro!A:B, 2, FALSE), "") -> 620024461 | D6: BENHAMMOUDA Saadedine | E6: pas de formulaire | F6: 44159 | G6: 44220 | J6: PE20DIS490 /SUPPORTWEB | K6: France | N6: TLP1762 - Loué
B7: TLP1903 - Mission Sensible | C7: =IFERROR(VLOOKUP(B7, Base_numéro!A:B, 2, FALSE), "") -> 631579514 | D7: HOSTE COLOMER, Roser | E7: DEM0043118 | F7: 46031 | G7: 46038 | H7: 46044 | J7: DEMO/DRIS | K7: Nepal | N7: Location cloturé
B8: TLP2197 - CROSSCALL CORE M5 | C8: =IFERROR(VLOOKUP(B8, Base_numéro!A:B, 2, FALSE), "") -> 635527070 | D8: Bernachot Isabelle | E8: DEM0043163 | F8: 46042 | G8: 46069 | J8: CI24DGR514/6 | N8: TLP2197 - Loué
B9: TLP1904 - Mission Sensible | C9: =IFERROR(VLOOKUP(B9, Base_numéro!A:B, 2, FALSE), "") -> 631588174 | D9: WAWRZYNIAK, Pierre | E9: DEM0041646 | F9: 45979 | G9: 46042 | I9: WAWRZYNIAK, Pierre le 18/11/2025 | J9: DEMO - DCGS | N9: Location cloturé
B10: TLP1894 - Mission Sensible | C10: =IFERROR(VLOOKUP(B10, Base_numéro!A:B, 2, FALSE), "") -> 631576199 | D10: HOAREAU, JOHAN | E10: DEM0043907 | F10: 46044 | G10: 46062 | J10: CI25EAU501 / tâche 1 | N10: TLP1894 - Loué
B11: TLP1862 - Mission Sensible | C11: =IFERROR(VLOOKUP(B11, Base_numéro!A:B, 2, FALSE), "") -> 631578315 | D11: SIGNORA, ALESSANDRO | E11: DEM0043835 | F11: 46044 | G11: 46056 | J11: CF25DRM541 - Tâche 2 | N11: TLP1862 - Loué
B12: TLP1878 - iPhone 7 - 10GB Data | C12: =IFERROR(VLOOKUP(B12, Base_numéro!A:B, 2, FALSE), "") -> 619634485 | D12: LANDEMAINE, VALENTIN | E12: DEM0044330 | F12: 46052 | G12: 46062 | J12: RDC CONGO | K12: Congo | N12: Prêt créé
C13: =IFERROR(VLOOKUP(B13, Base_numéro!A:B, 2, FALSE), "")
C14: =IFERROR(VLOOKUP(B14, Base_numéro!A:B, 2, FALSE), "")
C15: =IFERROR(VLOOKUP(B15, Base_numéro!A:B, 2, FALSE), "")
C16: =IFERROR(VLOOKUP(B16, Base_numéro!A:B, 2, FALSE), "")
C17: =IFERROR(VLOOKUP(B17, Base_numéro!A:B, 2, FALSE), "")
C18: =IFERROR(VLOOKUP(B18, Base_numéro!A:B, 2, FALSE), "")
C19: =IFERROR(VLOOKUP(B19, Base_numéro!A:B, 2, FALSE), "")
C20: =IFERROR(VLOOKUP(B20, Base_numéro!A:B, 2, FALSE), "")

Sheet Base Février
A1: Liste déroulante | B1: N° de machine | C1: Quantités Initiale | D1: Quantités Restante | E1: Statut
A2: =IF(D2>0,B2," ") -> BEW170 - HUAWEI Mobile 4G | B2: BEW170 - HUAWEI Mobile 4G | C2: 1 | D2: =C2-(COUNTIF(Février!$N$5:$N$75,'Base Février'!E2)) -> 1 | E2: BEW170 - Loué
A3: =IF(D3>0,B3," ") -> BEW172 - HUAWEI Mobile 4G | B3: BEW172 - HUAWEI Mobile 4G | C3: 1 | D3: =C3-(COUNTIF(Février!$N$5:$N$75,'Base Février'!E3)) -> 1 | E3: BEW172 -Loué
A4: =IF(D4>0,B4," ") -> TLP1462 - iPhone 5S | B4: TLP1462 - iPhone 5S | C4: 1 | D4: =C4-(COUNTIF(Février!$N$5:$N$75,'Base Février'!E4)) -> 1 | E4: TLP1462 - Loué
A5: =IF(D5>0,B5," ") | B5: TLP1611 - iPhone SE 32 Go | C5: 1 | D5: =C5-(COUNTIF(Février!$N$5:$N$75,'Base Février'!E5)) -> 0 | E5: TLP1611 - Loué
A6: =IF(D6>0,B6," ") -> TLP1733 - Crosscall Spider X-1 | B6: TLP1733 - Crosscall Spider X-1 | C6: 1 | D6: =C6-(COUNTIF(Février!$N$5:$N$75,'Base Février'!E6)) -> 1 | E6: TLP1733 - Loué
A7: =IF(D7>0,B7," ") -> TLP1734 - Crosscall Spider X-1 | B7: TLP1734 - Crosscall Spider X-1 | C7: 1 | D7: =C7-(COUNTIF(Février!$N$5:$N$75,'Base Février'!E7)) -> 1 | E7: TLP1734 - Loué
A8: =IF(D8>0,B8," ") -> TLP1735 - Crosscall Spider X-1 | B8: TLP1735 - Crosscall Spider X-1 | C8: 1 | D8: =C8-(COUNTIF(Février!$N$5:$N$75,'Base Février'!E8)) -> 1 | E8: TLP1735 - Loué
A9: =IF(D9>0,B9," ") -> TLP1736 - Crosscall Spider X-1 | B9: TLP1736 - Crosscall Spider X-1 | C9: 1 | D9: =C9-(COUNTIF(Février!$N$5:$N$75,'Base Février'!E9)) -> 1 | E9: TLP1736 - Loué
A10: =IF(D10>0,B10," ") | B10: TLP1762 - Crosscall Spider X-4 | C10: 1 | D10: =C10-(COUNTIF(Février!$N$5:$N$75,'Base Février'!E10)) -> 0 | E10: TLP1762 - Loué
A11: =IF(D11>0,B11," ") | B11: TLP1862 - Mission Sensible | C11: 1 | D11: =C11-(COUNTIF(Février!$N$5:$N$75,'Base Février'!E11)) -> 0 | E11: TLP1862 - Loué
A12: =IF(D12>0,B12," ") -> TLP1866 - Mission Sensible | B12: TLP1866 - Mission Sensible | C12: 1 | D12: =C12-(COUNTIF(Février!$N$5:$N$75,'Base Février'!E12)) -> 1 | E12: TLP1866 - Loué
A13: =IF(D13>0,B13," ") -> TLP1872 - Mission Sensible | B13: TLP1872 - Mission Sensible | C13: 1 | D13: =C13-(COUNTIF(Février!$N$5:$N$75,'Base Février'!E13)) -> 1 | E13: TLP1872 - Loué
... A22: =IF(D22>0,B22," ") -> TLP2197 - CROSSCALL CORE M5 | B22: TLP2197 - CROSSCALL CORE M5 | C22: 1 | D22: =C22-(COUNTIF(Février!$N$5:$N$75,'Base Février'!E22)) -> 1 | E22: TLP2197 - Loué
E23: Prêt créé
E24: Location cloturé

Sheet Février
B3: Tableau de location 3150 - Janvier
B4: N° de téléphone | C4: N°Téléphone | D4: Nom de l'emprunteur | E4: N° de dossier | F4: Date début de Loc | G4: Date de fin de Loc prévu | H4: Retour location | I4: Récupéré par le | J4: imputation | K4: Destination | L4: N° Formulaire FE008 | M4: Enregistrement dans EDI | N4: Status
B5: TLP1611 - iPhone SE 32 Go | C5: =IFERROR(VLOOKUP(B5, Base_numéro!A:B, 2, FALSE), "") -> 612938590 | D5: FEROT Peggy | E5: DEM0000527 | F5: 45009 | G5: prolongé jusqu'au 30/06/2025 | J5: FP24DEP018 / 1 | K5: Orléans | N5: TLP1611 - Loué
B6: TLP1762 - Crosscall Spider X-4 | C6: =IFERROR(VLOOKUP(B6, Base_numéro!A:B, 2, FALSE), "") -> 620024461 | D6: BENHAMMOUDA Saadedine | E6: pas de formulaire | F6: 44159 | G6: 44220 | J6: PE20DIS490 /SUPPORTWEB | K6: France | N6: TLP1762 - Loué
B7: TLP1904 - Mission Sensible | C7: =IFERROR(VLOOKUP(B7, Base_numéro!A:B, 2, FALSE), "") -> 631588174 | D7: BRUGERON, Claire pour LANDEMAINE Valentin | E7: DEM0042789 | F7: 46054 | G7: 46059 | J7: CI24DGR514 - Tâche 8 | N7: Prêt créé
B8: TLP1862 - Mission Sensible | C8: =IFERROR(VLOOKUP(B8, Base_numéro!A:B, 2, FALSE), "") -> 631578315 | D8: SIGNORA, ALESSANDRO | E8: DEM0043835 | F8: 46044 | G8: 46056 | J8: CF25DRM541 - Tâche 2 | N8: TLP1862 - Loué
B9: TLP1894 - Mission Sensible | C9: =IFERROR(VLOOKUP(B9, Base_numéro!A:B, 2, FALSE), "") -> 631576199 | D9: HOAREAU, JOHAN | E9: DEM0043907 | F9: 46044 | G9: 46062 | J9: CI25EAU501 / tâche 1 | N9: TLP1894 - Loué
C10: =IFERROR(VLOOKUP(B10, Base_numéro!A:B, 2, FALSE), "")
C11: =IFERROR(VLOOKUP(B11, Base_numéro!A:B, 2, FALSE), "")
C12: =IFERROR(VLOOKUP(B12, Base_numéro!A:B, 2, FALSE), "")
C13: =IFERROR(VLOOKUP(B13, Base_numéro!A:B, 2, FALSE), "")
C14: =IFERROR(VLOOKUP(B14, Base_numéro!A:B, 2, FALSE), "")
C15: =IFERROR(VLOOKUP(B15, Base_numéro!A:B, 2, FALSE), "")
C16: =IFERROR(VLOOKUP(B16, Base_numéro!A:B, 2, FALSE), "")
C17: =IFERROR(VLOOKUP(B17, Base_numéro!A:B, 2, FALSE), "")
C18: =IFERROR(VLOOKUP(B18, Base_numéro!A:B, 2, FALSE), "")
C19: =IFERROR(VLOOKUP(B19, Base_numéro!A:B, 2, FALSE), "")
C20: =IFERROR(VLOOKUP(B20, Base_numéro!A:B, 2, FALSE), "")

Sheet Base Mars
A1: Liste déroulante | B1: N° de machine | C1: Quantités Initiale | D1: Quantités Restante | E1: Statut
A2: =IF(D2>0,B2," ") -> BEW170 - HUAWEI Mobile 4G | B2: BEW170 - HUAWEI Mobile 4G | C2: 1 | D2: =C2-(COUNTIF(Mars!$N$5:$N$75,'Base Mars'!E2)) -> 1 | E2: BEW170 - Loué
A3: =IF(D3>0,B3," ") -> BEW172 - HUAWEI Mobile 4G | B3: BEW172 - HUAWEI Mobile 4G | C3: 1 | D3: =C3-(COUNTIF(Mars!$N$5:$N$75,'Base Mars'!E3)) -> 1 | E3: BEW172 -Loué
A4: =IF(D4>0,B4," ") -> TLP1462 - iPhone 5S | B4: TLP1462 - iPhone 5S | C4: 1 | D4: =C4-(COUNTIF(Mars!$N$5:$N$75,'Base Mars'!E4)) -> 1 | E4: TLP1462 - Loué
A5: =IF(D5>0,B5," ") | B5: TLP1611 - iPhone SE 32 Go | C5: 1 | D5: =C5-(COUNTIF(Mars!$N$5:$N$75,'Base Mars'!E5)) -> 0 | E5: TLP1611 - Loué
A6: =IF(D6>0,B6," ") -> TLP1733 - Crosscall Spider X-1 | B6: TLP1733 - Crosscall Spider X-1 | C6: 1 | D6: =C6-(COUNTIF(Mars!$N$5:$N$75,'Base Mars'!E6)) -> 1 | E6: TLP1733 - Loué
A7: =IF(D7>0,B7," ") -> TLP1734 - Crosscall Spider X-1 | B7: TLP1734 - Crosscall Spider X-1 | C7: 1 | D7: =C7-(COUNTIF(Mars!$N$5:$N$75,'Base Mars'!E7)) -> 1 | E7: TLP1734 - Loué
A8: =IF(D8>0,B8," ") -> TLP1735 - Crosscall Spider X-1 | B8: TLP1735 - Crosscall Spider X-1 | C8: 1 | D8: =C8-(COUNTIF(Mars!$N$5:$N$75,'Base Mars'!E8)) -> 1 | E8: TLP1735 - Loué
A9: =IF(D9>0,B9," ") -> TLP1736 - Crosscall Spider X-1 | B9: TLP1736 - Crosscall Spider X-1 | C9: 1 | D9: =C9-(COUNTIF(Mars!$N$5:$N$75,'Base Mars'!E9)) -> 1 | E9: TLP1736 - Loué
A10: =IF(D10>0,B10," ") | B10: TLP1762 - Crosscall Spider X-4 | C10: 1 | D10: =C10-(COUNTIF(Mars!$N$5:$N$75,'Base Mars'!E10)) -> 0 | E10: TLP1762 - Loué
A11: =IF(D11>0,B11," ") -> TLP1862 - Mission Sensible | B11: TLP1862 - Mission Sensible | C11: 1 | D11: =C11-(COUNTIF(Mars!$N$5:$N$75,'Base Mars'!E11)) -> 1 | E11: TLP1862 - Loué
A12: =IF(D12>0,B12," ") -> TLP1866 - Mission Sensible | B12: TLP1866 - Mission Sensible | C12: 1 | D12: =C12-(COUNTIF(Mars!$N$5:$N$75,'Base Mars'!E12)) -> 1 | E12: TLP1866 - Loué
A13: =IF(D13>0,B13," ") -> TLP1872 - Mission Sensible | B13: TLP1872 - Mission Sensible | C13: 1 | D13: =C13-(COUNTIF(Mars!$N$5:$N$75,'Base Mars'!E13)) -> 1 | E13: TLP1872 - Loué
... A22: =IF(D22>0,B22," ") -> TLP2197 - CROSSCALL CORE M5 | B22: TLP2197 - CROSSCALL CORE M5 | C22: 1 | D22: =C22-(COUNTIF(Mars!$N$5:$N$75,'Base Mars'!E22)) -> 1 | E22: TLP2197 - Loué
E23: Prêt créé
E24: Location cloturé

Sheet Base Avril
A1: Liste déroulante | B1: N° de machine | C1: Quantités Initiale | D1: Quantités Restante | E1: Statut
A2: =IF(D2>0,B2," ") -> BEW170 - HUAWEI Mobile 4G | B2: BEW170 - HUAWEI Mobile 4G | C2: 1 | D2: =C2-(COUNTIF(Avril!$N$5:$N$75,'Base Avril'!E2)) -> 1 | E2: BEW170 - Loué
A3: =IF(D3>0,B3," ") -> BEW172 - HUAWEI Mobile 4G | B3: BEW172 - HUAWEI Mobile 4G | C3: 1 | D3: =C3-(COUNTIF(Avril!$N$5:$N$75,'Base Avril'!E3)) -> 1 | E3: BEW172 -Loué
A4: =IF(D4>0,B4," ") -> TLP1462 - iPhone 5S | B4: TLP1462 - iPhone 5S | C4: 1 | D4: =C4-(COUNTIF(Avril!$N$5:$N$75,'Base Avril'!E4)) -> 1 | E4: TLP1462 - Loué
A5: =IF(D5>0,B5," ") | B5: TLP1611 - iPhone SE 32 Go | C5: 1 | D5: =C5-(COUNTIF(Avril!$N$5:$N$75,'Base Avril'!E5)) -> 0 | E5: TLP1611 - Loué
A6: =IF(D6>0,B6," ") -> TLP1733 - Crosscall Spider X-1 | B6: TLP1733 - Crosscall Spider X-1 | C6: 1 | D6: =C6-(COUNTIF(Avril!$N$5:$N$75,'Base Avril'!E6)) -> 1 | E6: TLP1733 - Loué
A7: =IF(D7>0,B7," ") -> TLP1734 - Crosscall Spider X-1 | B7: TLP1734 - Crosscall Spider X-1 | C7: 1 | D7: =C7-(COUNTIF(Avril!$N$5:$N$75,'Base Avril'!E7)) -> 1 | E7: TLP1734 - Loué
A8: =IF(D8>0,B8," ") -> TLP1735 - Crosscall Spider X-1 | B8: TLP1735 - Crosscall Spider X-1 | C8: 1 | D8: =C8-(COUNTIF(Avril!$N$5:$N$75,'Base Avril'!E8)) -> 1 | E8: TLP1735 - Loué
A9: =IF(D9>0,B9," ") -> TLP1736 - Crosscall Spider X-1 | B9: TLP1736 - Crosscall Spider X-1 | C9: 1 | D9: =C9-(COUNTIF(Avril!$N$5:$N$75,'Base Avril'!E9)) -> 1 | E9: TLP1736 - Loué
A10: =IF(D10>0,B10," ") | B10: TLP1762 - Crosscall Spider X-4 | C10: 1 | D10: =C10-(COUNTIF(Avril!$N$5:$N$75,'Base Avril'!E10)) -> 0 | E10: TLP1762 - Loué
A11: =IF(D11>0,B11," ") -> TLP1862 - Mission Sensible | B11: TLP1862 - Mission Sensible | C11: 1 | D11: =C11-(COUNTIF(Avril!$N$5:$N$75,'Base Avril'!E11)) -> 1 | E11: TLP1862 - Loué
A12: =IF(D12>0,B12," ") -> TLP1866 - Mission Sensible | B12: TLP1866 - Mission Sensible | C12: 1 | D12: =C12-(COUNTIF(Avril!$N$5:$N$75,'Base Avril'!E12)) -> 1 | E12: TLP1866 - Loué
A13: =IF(D13>0,B13," ") -> TLP1872 - Mission Sensible | B13: TLP1872 - Mission Sensible | C13: 1 | D13: =C13-(COUNTIF(Avril!$N$5:$N$75,'Base Avril'!E13)) -> 1 | E13: TLP1872 - Loué
... A22: =IF(D22>0,B22," ") -> TLP2197 - CROSSCALL CORE M5 | B22: TLP2197 - CROSSCALL CORE M5 | C22: 1 | D22: =C22-(COUNTIF(Avril!$N$5:$N$75,'Base Avril'!E22)) -> 1 | E22: TLP2197 - Loué
E23: Prêt créé
E24: Location cloturé

Sheet Mars
B3: Tableau de location 3150 - Janvier
B4: N° de téléphone | C4: N°Téléphone | D4: Nom de l'emprunteur | E4: N° de dossier | F4: Date début de Loc | G4: Date de fin de Loc prévu | H4: Retour location | I4: Récupéré par le | J4: imputation | K4: Destination | L4: N° Formulaire FE008 | M4: Enregistrement dans EDI | N4: Status
B5: TLP1611 - iPhone SE 32 Go | C5: =IFERROR(VLOOKUP(B5, Base_numéro!A:B, 2, FALSE), "") -> 612938590 | D5: FEROT Peggy | E5: DEM0000527 | F5: 45009 | G5: prolongé jusqu'au 30/06/2025 | J5: FP24DEP018 / 1 | K5: Orléans | N5: TLP1611 - Loué
B6: TLP1762 - Crosscall Spider X-4 | C6: =IFERROR(VLOOKUP(B6, Base_numéro!A:B, 2, FALSE), "") -> 620024461 | D6: BENHAMMOUDA Saadedine | E6: pas de formulaire | F6: 44159 | G6: 44220 | J6: PE20DIS490 /SUPPORTWEB | K6: France | N6: TLP1762 - Loué
C7: =IFERROR(VLOOKUP(B7, Base_numéro!A:B, 2, FALSE), "")
C8: =IFERROR(VLOOKUP(B8, Base_numéro!A:B, 2, FALSE), "")
C9: =IFERROR(VLOOKUP(B9, Base_numéro!A:B, 2, FALSE), "")
C10: =IFERROR(VLOOKUP(B10, Base_numéro!A:B, 2, FALSE), "")
C11: =IFERROR(VLOOKUP(B11, Base_numéro!A:B, 2, FALSE), "")
C12: =IFERROR(VLOOKUP(B12, Base_numéro!A:B, 2, FALSE), "")
C13: =IFERROR(VLOOKUP(B13, Base_numéro!A:B, 2, FALSE), "")
C14: =IFERROR(VLOOKUP(B14, Base_numéro!A:B, 2, FALSE), "")
C15: =IFERROR(VLOOKUP(B15, Base_numéro!A:B, 2, FALSE), "")
C16: =IFERROR(VLOOKUP(B16, Base_numéro!A:B, 2, FALSE), "")
C17: =IFERROR(VLOOKUP(B17, Base_numéro!A:B, 2, FALSE), "")
C18: =IFERROR(VLOOKUP(B18, Base_numéro!A:B, 2, FALSE), "")
... C20: =IFERROR(VLOOKUP(B20, Base_numéro!A:B, 2, FALSE), "")

Sheet Avril
B3: Tableau de location 3150 - Janvier
B4: N° de téléphone | C4: N°Téléphone | D4: Nom de l'emprunteur | E4: N° de dossier | F4: Date début de Loc | G4: Date de fin de Loc prévu | H4: Retour location | I4: Récupéré par le | J4: imputation | K4: Destination | L4: N° Formulaire FE008 | M4: Enregistrement dans EDI | N4: Status
B5: TLP1611 - iPhone SE 32 Go | C5: =IFERROR(VLOOKUP(B5, Base_numéro!A:B, 2, FALSE), "") -> 612938590 | D5: FEROT Peggy | E5: DEM0000527 | F5: 45009 | G5: prolongé jusqu'au 30/06/2025 | J5: FP24DEP018 / 1 | K5: Orléans | N5: TLP1611 - Loué
B6: TLP1762 - Crosscall Spider X-4 | C6: =IFERROR(VLOOKUP(B6, Base_numéro!A:B, 2, FALSE), "") -> 620024461 | D6: BENHAMMOUDA Saadedine | E6: pas de formulaire | F6: 44159 | G6: 44220 | J6: PE20DIS490 /SUPPORTWEB | K6: France | N6: TLP1762 - Loué
C7: =IFERROR(VLOOKUP(B7, Base_numéro!A:B, 2, FALSE), "")
C8: =IFERROR(VLOOKUP(B8, Base_numéro!A:B, 2, FALSE), "")
C9: =IFERROR(VLOOKUP(B9, Base_numéro!A:B, 2, FALSE), "")
C10: =IFERROR(VLOOKUP(B10, Base_numéro!A:B, 2, FALSE), "")
C11: =IFERROR(VLOOKUP(B11, Base_numéro!A:B, 2, FALSE), "")
C12: =IFERROR(VLOOKUP(B12, Base_numéro!A:B, 2, FALSE), "")
C13: =IFERROR(VLOOKUP(B13, Base_numéro!A:B, 2, FALSE), "")
C14: =IFERROR(VLOOKUP(B14, Base_numéro!A:B, 2, FALSE), "")
C15: =IFERROR(VLOOKUP(B15, Base_numéro!A:B, 2, FALSE), "")
C16: =IFERROR(VLOOKUP(B16, Base_numéro!A:B, 2, FALSE), "")
C17: =IFERROR(VLOOKUP(B17, Base_numéro!A:B, 2, FALSE), "")
C18: =IFERROR(VLOOKUP(B18, Base_numéro!A:B, 2, FALSE), "")
... C20: =IFERROR(VLOOKUP(B20, Base_numéro!A:B, 2, FALSE), "")

Sheet Base Mai
A1: Liste déroulante | B1: N° de machine | C1: Quantités Initiale | D1: Quantités Restante | E1: Statut
A2: =IF(D2>0,B2," ") -> BEW170 - HUAWEI Mobile 4G | B2: BEW170 - HUAWEI Mobile 4G | C2: 1 | D2: =C2-(COUNTIF(Mai!$N$5:$N$75,'Base Mai'!E2)) -> 1 | E2: BEW170 - Loué
A3: =IF(D3>0,B3," ") -> BEW172 - HUAWEI Mobile 4G | B3: BEW172 - HUAWEI Mobile 4G | C3: 1 | D3: =C3-(COUNTIF(Mai!$N$5:$N$75,'Base Mai'!E3)) -> 1 | E3: BEW172 -Loué
A4: =IF(D4>0,B4," ") -> TLP1462 - iPhone 5S | B4: TLP1462 - iPhone 5S | C4: 1 | D4: =C4-(COUNTIF(Mai!$N$5:$N$75,'Base Mai'!E4)) -> 1 | E4: TLP1462 - Loué
A5: =IF(D5>0,B5," ") | B5: TLP1611 - iPhone SE 32 Go | C5: 1 | D5: =C5-(COUNTIF(Mai!$N$5:$N$75,'Base Mai'!E5)) -> 0 | E5: TLP1611 - Loué
A6: =IF(D6>0,B6," ") -> TLP1733 - Crosscall Spider X-1 | B6: TLP1733 - Crosscall Spider X-1 | C6: 1 | D6: =C6-(COUNTIF(Mai!$N$5:$N$75,'Base Mai'!E6)) -> 1 | E6: TLP1733 - Loué
A7: =IF(D7>0,B7," ") -> TLP1734 - Crosscall Spider X-1 | B7: TLP1734 - Crosscall Spider X-1 | C7: 1 | D7: =C7-(COUNTIF(Mai!$N$5:$N$75,'Base Mai'!E7)) -> 1 | E7: TLP1734 - Loué
A8: =IF(D8>0,B8," ") -> TLP1735 - Crosscall Spider X-1 | B8: TLP1735 - Crosscall Spider X-1 | C8: 1 | D8: =C8-(COUNTIF(Mai!$N$5:$N$75,'Base Mai'!E8)) -> 1 | E8: TLP1735 - Loué
A9: =IF(D9>0,B9," ") -> TLP1736 - Crosscall Spider X-1 | B9: TLP1736 - Crosscall Spider X-1 | C9: 1 | D9: =C9-(COUNTIF(Mai!$N$5:$N$75,'Base Mai'!E9)) -> 1 | E9: TLP1736 - Loué
A10: =IF(D10>0,B10," ") | B10: TLP1762 - Crosscall Spider X-4 | C10: 1 | D10: =C10-(COUNTIF(Mai!$N$5:$N$75,'Base Mai'!E10)) -> 0 | E10: TLP1762 - Loué
A11: =IF(D11>0,B11," ") -> TLP1862 - Mission Sensible | B11: TLP1862 - Mission Sensible | C11: 1 | D11: =C11-(COUNTIF(Mai!$N$5:$N$75,'Base Mai'!E11)) -> 1 | E11: TLP1862 - Loué
A12: =IF(D12>0,B12," ") -> TLP1866 - Mission Sensible | B12: TLP1866 - Mission Sensible | C12: 1 | D12: =C12-(COUNTIF(Mai!$N$5:$N$75,'Base Mai'!E12)) -> 1 | E12: TLP1866 - Loué
A13: =IF(D13>0,B13," ") -> TLP1872 - Mission Sensible | B13: TLP1872 - Mission Sensible | C13: 1 | D13: =C13-(COUNTIF(Mai!$N$5:$N$75,'Base Mai'!E13)) -> 1 | E13: TLP1872 - Loué
... A22: =IF(D22>0,B22," ") -> TLP2197 - CROSSCALL CORE M5 | B22: TLP2197 - CROSSCALL CORE M5 | C22: 1 | D22: =C22-(COUNTIF(Mai!$N$5:$N$75,'Base Mai'!E22)) -> 1 | E22: TLP2197 - Loué
E23: Prêt créé
E24: Location cloturé

Sheet Mai
B3: Tableau de location 3150 - Janvier
B4: N° de téléphone | C4: N°Téléphone | D4: Nom de l'emprunteur | E4: N° de dossier | F4: Date début de Loc | G4: Date de fin de Loc prévu | H4: Retour location | I4: Récupéré par le | J4: imputation | K4: Destination | L4: N° Formulaire FE008 | M4: Enregistrement dans EDI | N4: Status
B5: TLP1611 - iPhone SE 32 Go | C5: =IFERROR(VLOOKUP(B5, Base_numéro!A:B, 2, FALSE), "") -> 612938590 | D5: FEROT Peggy | E5: DEM0000527 | F5: 45009 | G5: prolongé jusqu'au 30/06/2025 | J5: FP24DEP018 / 1 | K5: Orléans | M5: Ok | N5: TLP1611 - Loué
B6: TLP1762 - Crosscall Spider X-4 | C6: =IFERROR(VLOOKUP(B6, Base_numéro!A:B, 2, FALSE), "") -> 620024461 | D6: BENHAMMOUDA Saadedine | E6: pas de formulaire | F6: 44159 | G6: 44220 | J6: PE20DIS490 /SUPPORTWEB | K6: France | M6: Ok | N6: TLP1762 - Loué
C7: =IFERROR(VLOOKUP(B7, Base_numéro!A:B, 2, FALSE), "")
C8: =IFERROR(VLOOKUP(B8, Base_numéro!A:B, 2, FALSE), "")
C9: =IFERROR(VLOOKUP(B9, Base_numéro!A:B, 2, FALSE), "")
C10: =IFERROR(VLOOKUP(B10, Base_numéro!A:B, 2, FALSE), "")
C11: =IFERROR(VLOOKUP(B11, Base_numéro!A:B, 2, FALSE), "")
C12: =IFERROR(VLOOKUP(B12, Base_numéro!A:B, 2, FALSE), "")
C13: =IFERROR(VLOOKUP(B13, Base_numéro!A:B, 2, FALSE), "")
C14: =IFERROR(VLOOKUP(B14, Base_numéro!A:B, 2, FALSE), "")
C15: =IFERROR(VLOOKUP(B15, Base_numéro!A:B, 2, FALSE), "")
C16: =IFERROR(VLOOKUP(B16, Base_numéro!A:B, 2, FALSE), "")
C17: =IFERROR(VLOOKUP(B17, Base_numéro!A:B, 2, FALSE), "")
C18: =IFERROR(VLOOKUP(B18, Base_numéro!A:B, 2, FALSE), "")
... C20: =IFERROR(VLOOKUP(B20, Base_numéro!A:B, 2, FALSE), "")

Sheet Base Juin
A1: Liste déroulante | B1: N° de machine | C1: Quantités Initiale | D1: Quantités Restante | E1: Statut
A2: =IF(D2>0,B2," ") -> BEW170 - HUAWEI Mobile 4G | B2: BEW170 - HUAWEI Mobile 4G | C2: 1 | D2: =C2-(COUNTIF(Juin!$N$5:$N$75,'Base Juin'!E2)) -> 1 | E2: BEW170 - Loué
A3: =IF(D3>0,B3," ") -> BEW172 - HUAWEI Mobile 4G | B3: BEW172 - HUAWEI Mobile 4G | C3: 1 | D3: =C3-(COUNTIF(Juin!$N$5:$N$75,'Base Juin'!E3)) -> 1 | E3: BEW172 -Loué
A4: =IF(D4>0,B4," ") -> TLP1462 - iPhone 5S | B4: TLP1462 - iPhone 5S | C4: 1 | D4: =C4-(COUNTIF(Juin!$N$5:$N$75,'Base Juin'!E4)) -> 1 | E4: TLP1462 - Loué
A5: =IF(D5>0,B5," ") | B5: TLP1611 - iPhone SE 32 Go | C5: 1 | D5: =C5-(COUNTIF(Juin!$N$5:$N$75,'Base Juin'!E5)) -> 0 | E5: TLP1611 - Loué
A6: =IF(D6>0,B6," ") -> TLP1733 - Crosscall Spider X-1 | B6: TLP1733 - Crosscall Spider X-1 | C6: 1 | D6: =C6-(COUNTIF(Juin!$N$5:$N$75,'Base Juin'!E6)) -> 1 | E6: TLP1733 - Loué
A7: =IF(D7>0,B7," ") -> TLP1734 - Crosscall Spider X-1 | B7: TLP1734 - Crosscall Spider X-1 | C7: 1 | D7: =C7-(COUNTIF(Juin!$N$5:$N$75,'Base Juin'!E7)) -> 1 | E7: TLP1734 - Loué
A8: =IF(D8>0,B8," ") -> TLP1735 - Crosscall Spider X-1 | B8: TLP1735 - Crosscall Spider X-1 | C8: 1 | D8: =C8-(COUNTIF(Juin!$N$5:$N$75,'Base Juin'!E8)) -> 1 | E8: TLP1735 - Loué
A9: =IF(D9>0,B9," ") -> TLP1736 - Crosscall Spider X-1 | B9: TLP1736 - Crosscall Spider X-1 | C9: 1 | D9: =C9-(COUNTIF(Juin!$N$5:$N$75,'Base Juin'!E9)) -> 1 | E9: TLP1736 - Loué
A10: =IF(D10>0,B10," ") | B10: TLP1762 - Crosscall Spider X-4 | C10: 1 | D10: =C10-(COUNTIF(Juin!$N$5:$N$75,'Base Juin'!E10)) -> 0 | E10: TLP1762 - Loué
A11: =IF(D11>0,B11," ") -> TLP1862 - Mission Sensible | B11: TLP1862 - Mission Sensible | C11: 1 | D11: =C11-(COUNTIF(Juin!$N$5:$N$75,'Base Juin'!E11)) -> 1 | E11: TLP1862 - Loué
A12: =IF(D12>0,B12," ") -> TLP1866 - Mission Sensible | B12: TLP1866 - Mission Sensible | C12: 1 | D12: =C12-(COUNTIF(Juin!$N$5:$N$75,'Base Juin'!E12)) -> 1 | E12: TLP1866 - Loué
A13: =IF(D13>0,B13," ") -> TLP1872 - Mission Sensible | B13: TLP1872 - Mission Sensible | C13: 1 | D13: =C13-(COUNTIF(Juin!$N$5:$N$75,'Base Juin'!E13)) -> 1 | E13: TLP1872 - Loué
... A22: =IF(D22>0,B22," ") -> TLP2197 - CROSSCALL CORE M5 | B22: TLP2197 - CROSSCALL CORE M5 | C22: 1 | D22: =C22-(COUNTIF(Juin!$N$5:$N$75,'Base Juin'!E22)) -> 1 | E22: TLP2197 - Loué
E23: Prêt créé
E24: Location cloturé

Sheet Juin
B3: Tableau de location 3150 - Janvier
B4: N° de téléphone | C4: N°Téléphone | D4: Nom de l'emprunteur | E4: N° de dossier | F4: Date début de Loc | G4: Date de fin de Loc prévu | H4: Retour location | I4: Récupéré par le | J4: imputation | K4: Destination | L4: N° Formulaire FE008 | M4: Enregistrement dans EDI | N4: Status
B5: TLP1611 - iPhone SE 32 Go | C5: =IFERROR(VLOOKUP(B5, Base_numéro!A:B, 2, FALSE), "") -> 612938590 | D5: FEROT Peggy | E5: DEM0000527 | F5: 45009 | G5: prolongé jusqu'au 30/06/2025 | J5: FP24DEP018 / 1 | K5: Orléans | M5: --------- | N5: TLP1611 - Loué
B6: TLP1762 - Crosscall Spider X-4 | C6: =IFERROR(VLOOKUP(B6, Base_numéro!A:B, 2, FALSE), "") -> 620024461 | D6: BENHAMMOUDA Saadedine | E6: pas de formulaire | F6: 44159 | G6: 44220 | J6: PE20DIS490 /SUPPORTWEB | K6: France | M6: --------- | N6: TLP1762 - Loué
C7: =IFERROR(VLOOKUP(B7, Base_numéro!A:B, 2, FALSE), "")
C8: =IFERROR(VLOOKUP(B8, Base_numéro!A:B, 2, FALSE), "")
C9: =IFERROR(VLOOKUP(B9, Base_numéro!A:B, 2, FALSE), "")
C10: =IFERROR(VLOOKUP(B10, Base_numéro!A:B, 2, FALSE), "")
C11: =IFERROR(VLOOKUP(B11, Base_numéro!A:B, 2, FALSE), "")
C12: =IFERROR(VLOOKUP(B12, Base_numéro!A:B, 2, FALSE), "")
C13: =IFERROR(VLOOKUP(B13, Base_numéro!A:B, 2, FALSE), "")
C14: =IFERROR(VLOOKUP(B14, Base_numéro!A:B, 2, FALSE), "")
C15: =IFERROR(VLOOKUP(B15, Base_numéro!A:B, 2, FALSE), "")
C16: =IFERROR(VLOOKUP(B16, Base_numéro!A:B, 2, FALSE), "")
C17: =IFERROR(VLOOKUP(B17, Base_numéro!A:B, 2, FALSE), "")
C18: =IFERROR(VLOOKUP(B18, Base_numéro!A:B, 2, FALSE), "")
... C20: =IFERROR(VLOOKUP(B20, Base_numéro!A:B, 2, FALSE), "")

Sheet Base Juillet
A1: Liste déroulante | B1: N° de machine | C1: Quantités Initiale | D1: Quantités Restante | E1: Statut
A2: =IF(D2>0,B2," ") -> BEW170 - HUAWEI Mobile 4G | B2: BEW170 - HUAWEI Mobile 4G | C2: 1 | D2: =C2-(COUNTIF(Juillet!$N$5:$N$75,'Base Juillet'!E2)) -> 1 | E2: BEW170 - Loué
A3: =IF(D3>0,B3," ") -> BEW172 - HUAWEI Mobile 4G | B3: BEW172 - HUAWEI Mobile 4G | C3: 1 | D3: =C3-(COUNTIF(Juillet!$N$5:$N$75,'Base Juillet'!E3)) -> 1 | E3: BEW172 -Loué
A4: =IF(D4>0,B4," ") -> TLP1462 - iPhone 5S | B4: TLP1462 - iPhone 5S | C4: 1 | D4: =C4-(COUNTIF(Juillet!$N$5:$N$75,'Base Juillet'!E4)) -> 1 | E4: TLP1462 - Loué
A5: =IF(D5>0,B5," ") | B5: TLP1611 - iPhone SE 32 Go | C5: 1 | D5: =C5-(COUNTIF(Juillet!$N$5:$N$75,'Base Juillet'!E5)) -> 0 | E5: TLP1611 - Loué
A6: =IF(D6>0,B6," ") -> TLP1733 - Crosscall Spider X-1 | B6: TLP1733 - Crosscall Spider X-1 | C6: 1 | D6: =C6-(COUNTIF(Juillet!$N$5:$N$75,'Base Juillet'!E6)) -> 1 | E6: TLP1733 - Loué
A7: =IF(D7>0,B7," ") -> TLP1734 - Crosscall Spider X-1 | B7: TLP1734 - Crosscall Spider X-1 | C7: 1 | D7: =C7-(COUNTIF(Juillet!$N$5:$N$75,'Base Juillet'!E7)) -> 1 | E7: TLP1734 - Loué
A8: =IF(D8>0,B8," ") -> TLP1735 - Crosscall Spider X-1 | B8: TLP1735 - Crosscall Spider X-1 | C8: 1 | D8: =C8-(COUNTIF(Juillet!$N$5:$N$75,'Base Juillet'!E8)) -> 1 | E8: TLP1735 - Loué
A9: =IF(D9>0,B9," ") -> TLP1736 - Crosscall Spider X-1 | B9: TLP1736 - Crosscall Spider X-1 | C9: 1 | D9: =C9-(COUNTIF(Juillet!$N$5:$N$75,'Base Juillet'!E9)) -> 1 | E9: TLP1736 - Loué
A10: =IF(D10>0,B10," ") | B10: TLP1762 - Crosscall Spider X-4 | C10: 1 | D10: =C10-(COUNTIF(Juillet!$N$5:$N$75,'Base Juillet'!E10)) -> 0 | E10: TLP1762 - Loué
A11: =IF(D11>0,B11," ") -> TLP1862 - Mission Sensible | B11: TLP1862 - Mission Sensible | C11: 1 | D11: =C11-(COUNTIF(Juillet!$N$5:$N$75,'Base Juillet'!E11)) -> 1 | E11: TLP1862 - Loué
A12: =IF(D12>0,B12," ") -> TLP1866 - Mission Sensible | B12: TLP1866 - Mission Sensible | C12: 1 | D12: =C12-(COUNTIF(Juillet!$N$5:$N$75,'Base Juillet'!E12)) -> 1 | E12: TLP1866 - Loué
A13: =IF(D13>0,B13," ") -> TLP1872 - Mission Sensible | B13: TLP1872 - Mission Sensible | C13: 1 | D13: =C13-(COUNTIF(Juillet!$N$5:$N$75,'Base Juillet'!E13)) -> 1 | E13: TLP1872 - Loué
... A22: =IF(D22>0,B22," ") -> TLP2197 - CROSSCALL CORE M5 | B22: TLP2197 - CROSSCALL CORE M5 | C22: 1 | D22: =C22-(COUNTIF(Juillet!$N$5:$N$75,'Base Juillet'!E22)) -> 1 | E22: TLP2197 - Loué
E23: Prêt créé
E24: Location cloturé

Sheet Juillet
B3: Tableau de location 3150 - Janvier
B4: N° de TLP | C4: N°Téléphone | D4: Nom de l'emprunteur | E4: N° de dossier | F4: Date début de Loc | G4: Date de fin de Loc prévu | H4: Retour location | I4: Récupéré par le | J4: imputation | K4: Destination | L4: N° Formulaire FE008 | M4: Enregistrement dans EDI | N4: Status
B5: TLP1762 - Crosscall Spider X-4 | C5: =IFERROR(VLOOKUP(B5, Base_numéro!A:B, 2, FALSE), "") -> 620024461 | D5: BENHAMMOUDA Saadedine | E5: pas de formulaire | F5: 44159 | G5: ? | J5: PE20DIS490 /SUPPORTWEB | K5: France | M5: ------------ | N5: TLP1762 - Loué
B6: TLP1611 - iPhone SE 32 Go | C6: =IFERROR(VLOOKUP(B6, Base_numéro!A:B, 2, FALSE), "") -> 612938590 | D6: FEROT Peggy | E6: DEM0000527 | F6: 45009 | G6: prolongé jusqu'au 30/06/2025 | J6: FP24DEP018 / 1 | K6: Orléans | N6: TLP1611 - Loué
C7: =IFERROR(VLOOKUP(B7, Base_numéro!A:B, 2, FALSE), "")
C8: =IFERROR(VLOOKUP(B8, Base_numéro!A:B, 2, FALSE), "")
C9: =IFERROR(VLOOKUP(B9, Base_numéro!A:B, 2, FALSE), "")
C10: =IFERROR(VLOOKUP(B10, Base_numéro!A:B, 2, FALSE), "")
C11: =IFERROR(VLOOKUP(B11, Base_numéro!A:B, 2, FALSE), "")
C12: =IFERROR(VLOOKUP(B12, Base_numéro!A:B, 2, FALSE), "")
C13: =IFERROR(VLOOKUP(B13, Base_numéro!A:B, 2, FALSE), "")
C14: =IFERROR(VLOOKUP(B14, Base_numéro!A:B, 2, FALSE), "")
C15: =IFERROR(VLOOKUP(B15, Base_numéro!A:B, 2, FALSE), "")
C16: =IFERROR(VLOOKUP(B16, Base_numéro!A:B, 2, FALSE), "")
C17: =IFERROR(VLOOKUP(B17, Base_numéro!A:B, 2, FALSE), "")
C18: =IFERROR(VLOOKUP(B18, Base_numéro!A:B, 2, FALSE), "")
... C20: =IFERROR(VLOOKUP(B20, Base_numéro!A:B, 2, FALSE), "")

Sheet Base Août
A1: Liste déroulante | B1: N° de machine | C1: Quantités Initiale | D1: Quantités Restante | E1: Statut
A2: =IF(D2>0,B2," ") -> BEW170 - HUAWEI Mobile 4G | B2: BEW170 - HUAWEI Mobile 4G | C2: 1 | D2: =C2-(COUNTIF(Août!$N$5:$N$75,'Base Août'!E2)) -> 1 | E2: BEW170 - Loué
A3: =IF(D3>0,B3," ") -> BEW172 - HUAWEI Mobile 4G | B3: BEW172 - HUAWEI Mobile 4G | C3: 1 | D3: =C3-(COUNTIF(Août!$N$5:$N$75,'Base Août'!E3)) -> 1 | E3: BEW172 -Loué
A4: =IF(D4>0,B4," ") -> TLP1462 - iPhone 5S | B4: TLP1462 - iPhone 5S | C4: 1 | D4: =C4-(COUNTIF(Août!$N$5:$N$75,'Base Août'!E4)) -> 1 | E4: TLP1462 - Loué
A5: =IF(D5>0,B5," ") | B5: TLP1611 - iPhone SE 32 Go | C5: 1 | D5: =C5-(COUNTIF(Août!$N$5:$N$75,'Base Août'!E5)) -> 0 | E5: TLP1611 - Loué
A6: =IF(D6>0,B6," ") -> TLP1733 - Crosscall Spider X-1 | B6: TLP1733 - Crosscall Spider X-1 | C6: 1 | D6: =C6-(COUNTIF(Août!$N$5:$N$75,'Base Août'!E6)) -> 1 | E6: TLP1733 - Loué
A7: =IF(D7>0,B7," ") -> TLP1734 - Crosscall Spider X-1 | B7: TLP1734 - Crosscall Spider X-1 | C7: 1 | D7: =C7-(COUNTIF(Août!$N$5:$N$75,'Base Août'!E7)) -> 1 | E7: TLP1734 - Loué
A8: =IF(D8>0,B8," ") -> TLP1735 - Crosscall Spider X-1 | B8: TLP1735 - Crosscall Spider X-1 | C8: 1 | D8: =C8-(COUNTIF(Août!$N$5:$N$75,'Base Août'!E8)) -> 1 | E8: TLP1735 - Loué
A9: =IF(D9>0,B9," ") -> TLP1736 - Crosscall Spider X-1 | B9: TLP1736 - Crosscall Spider X-1 | C9: 1 | D9: =C9-(COUNTIF(Août!$N$5:$N$75,'Base Août'!E9)) -> 1 | E9: TLP1736 - Loué
A10: =IF(D10>0,B10," ") | B10: TLP1762 - Crosscall Spider X-4 | C10: 1 | D10: =C10-(COUNTIF(Août!$N$5:$N$75,'Base Août'!E10)) -> 0 | E10: TLP1762 - Loué
A11: =IF(D11>0,B11," ") -> TLP1862 - Mission Sensible | B11: TLP1862 - Mission Sensible | C11: 1 | D11: =C11-(COUNTIF(Août!$N$5:$N$75,'Base Août'!E11)) -> 1 | E11: TLP1862 - Loué
A12: =IF(D12>0,B12," ") -> TLP1866 - Mission Sensible | B12: TLP1866 - Mission Sensible | C12: 1 | D12: =C12-(COUNTIF(Août!$N$5:$N$75,'Base Août'!E12)) -> 1 | E12: TLP1866 - Loué
A13: =IF(D13>0,B13," ") -> TLP1872 - Mission Sensible | B13: TLP1872 - Mission Sensible | C13: 1 | D13: =C13-(COUNTIF(Août!$N$5:$N$75,'Base Août'!E13)) -> 1 | E13: TLP1872 - Loué
... A22: =IF(D22>0,B22," ") -> TLP2197 - CROSSCALL CORE M5 | B22: TLP2197 - CROSSCALL CORE M5 | C22: 1 | D22: =C22-(COUNTIF(Août!$N$5:$N$75,'Base Août'!E22)) -> 1 | E22: TLP2197 - Loué
E23: Prêt créé
E24: Location cloturé

Sheet Août
B3: Tableau de location 3150 - Janvier
B4: N° de téléphone | C4: N°Téléphone | D4: Nom de l'emprunteur | E4: N° de dossier | F4: Date début de Loc | G4: Date de fin de Loc prévu | H4: Retour location | I4: Récupéré par le | J4: imputation | K4: Destination | L4: N° Formulaire FE008 | M4: Enregistrement dans EDI | N4: Status
B5: TLP1762 - Crosscall Spider X-4 | C5: =IFERROR(VLOOKUP(B5, Base_numéro!A:B, 2, FALSE), "") -> 620024461 | D5: BENHAMMOUDA Saadedine | E5: pas de formulaire | F5: 44159 | G5: ? | J5: PE20DIS490 /SUPPORTWEB | K5: France | M5: ------------ | N5: TLP1762 - Loué
B6: TLP1611 - iPhone SE 32 Go | C6: =IFERROR(VLOOKUP(B6, Base_numéro!A:B, 2, FALSE), "") -> 612938590 | D6: FEROT Peggy | E6: DEM0000527 | F6: 45009 | G6: prolongé jusqu'au 30/06/2025 | J6: FP24DEP018 / 1 | K6: Orléans | N6: TLP1611 - Loué
C7: =IFERROR(VLOOKUP(B7, Base_numéro!A:B, 2, FALSE), "")
C8: =IFERROR(VLOOKUP(B8, Base_numéro!A:B, 2, FALSE), "")
C9: =IFERROR(VLOOKUP(B9, Base_numéro!A:B, 2, FALSE), "")
C10: =IFERROR(VLOOKUP(B10, Base_numéro!A:B, 2, FALSE), "")
C11: =IFERROR(VLOOKUP(B11, Base_numéro!A:B, 2, FALSE), "")
C12: =IFERROR(VLOOKUP(B12, Base_numéro!A:B, 2, FALSE), "")
C13: =IFERROR(VLOOKUP(B13, Base_numéro!A:B, 2, FALSE), "")
C14: =IFERROR(VLOOKUP(B14, Base_numéro!A:B, 2, FALSE), "")
C15: =IFERROR(VLOOKUP(B15, Base_numéro!A:B, 2, FALSE), "")
C16: =IFERROR(VLOOKUP(B16, Base_numéro!A:B, 2, FALSE), "")
C17: =IFERROR(VLOOKUP(B17, Base_numéro!A:B, 2, FALSE), "")
C18: =IFERROR(VLOOKUP(B18, Base_numéro!A:B, 2, FALSE), "")
... C20: =IFERROR(VLOOKUP(B20, Base_numéro!A:B, 2, FALSE), "")

Sheet Base Septembre
A1: Liste déroulante | B1: N° de machine | C1: Quantités Initiale | D1: Quantités Restante | E1: Statut
A2: =IF(D2>0,B2," ") -> BEW170 - HUAWEI Mobile 4G | B2: BEW170 - HUAWEI Mobile 4G | C2: 1 | D2: =C2-(COUNTIF(Septembre!$N$5:$N$75,'Base Septembre'!E2)) -> 1 | E2: BEW170 - Loué
A3: =IF(D3>0,B3," ") -> BEW172 - HUAWEI Mobile 4G | B3: BEW172 - HUAWEI Mobile 4G | C3: 1 | D3: =C3-(COUNTIF(Septembre!$N$5:$N$75,'Base Septembre'!E3)) -> 1 | E3: BEW172 -Loué
A4: =IF(D4>0,B4," ") -> TLP1462 - iPhone 5S | B4: TLP1462 - iPhone 5S | C4: 1 | D4: =C4-(COUNTIF(Septembre!$N$5:$N$75,'Base Septembre'!E4)) -> 1 | E4: TLP1462 - Loué
A5: =IF(D5>0,B5," ") | B5: TLP1611 - iPhone SE 32 Go | C5: 1 | D5: =C5-(COUNTIF(Septembre!$N$5:$N$75,'Base Septembre'!E5)) -> 0 | E5: TLP1611 - Loué
A6: =IF(D6>0,B6," ") -> TLP1733 - Crosscall Spider X-1 | B6: TLP1733 - Crosscall Spider X-1 | C6: 1 | D6: =C6-(COUNTIF(Septembre!$N$5:$N$75,'Base Septembre'!E6)) -> 1 | E6: TLP1733 - Loué
A7: =IF(D7>0,B7," ") -> TLP1734 - Crosscall Spider X-1 | B7: TLP1734 - Crosscall Spider X-1 | C7: 1 | D7: =C7-(COUNTIF(Septembre!$N$5:$N$75,'Base Septembre'!E7)) -> 1 | E7: TLP1734 - Loué
A8: =IF(D8>0,B8," ") -> TLP1735 - Crosscall Spider X-1 | B8: TLP1735 - Crosscall Spider X-1 | C8: 1 | D8: =C8-(COUNTIF(Septembre!$N$5:$N$75,'Base Septembre'!E8)) -> 1 | E8: TLP1735 - Loué
A9: =IF(D9>0,B9," ") -> TLP1736 - Crosscall Spider X-1 | B9: TLP1736 - Crosscall Spider X-1 | C9: 1 | D9: =C9-(COUNTIF(Septembre!$N$5:$N$75,'Base Septembre'!E9)) -> 1 | E9: TLP1736 - Loué
A10: =IF(D10>0,B10," ") | B10: TLP1762 - Crosscall Spider X-4 | C10: 1 | D10: =C10-(COUNTIF(Septembre!$N$5:$N$75,'Base Septembre'!E10)) -> 0 | E10: TLP1762 - Loué
A11: =IF(D11>0,B11," ") -> TLP1862 - Mission Sensible | B11: TLP1862 - Mission Sensible | C11: 1 | D11: =C11-(COUNTIF(Septembre!$N$5:$N$75,'Base Septembre'!E11)) -> 1 | E11: TLP1862 - Loué
A12: =IF(D12>0,B12," ") -> TLP1866 - Mission Sensible | B12: TLP1866 - Mission Sensible | C12: 1 | D12: =C12-(COUNTIF(Septembre!$N$5:$N$75,'Base Septembre'!E12)) -> 1 | E12: TLP1866 - Loué
A13: =IF(D13>0,B13," ") -> TLP1872 - Mission Sensible | B13: TLP1872 - Mission Sensible | C13: 1 | D13: =C13-(COUNTIF(Septembre!$N$5:$N$75,'Base Septembre'!E13)) -> 1 | E13: TLP1872 - Loué
... A22: =IF(D22>0,B22," ") -> TLP2197 - CROSSCALL CORE M5 | B22: TLP2197 - CROSSCALL CORE M5 | C22: 1 | D22: =C22-(COUNTIF(Septembre!$N$5:$N$75,'Base Septembre'!E22)) -> 1 | E22: TLP2197 - Loué
E23: Prêt créé
E24: Location cloturé

Sheet Septembre
B3: Tableau de location 3150 - Janvier
B4: N° de téléphone | C4: N°Téléphone | D4: Nom de l'emprunteur | E4: N° de dossier | F4: Date début de Loc | G4: Date de fin de Loc prévu | H4: Retour location | I4: Récupéré par le | J4: imputation | K4: Destination | L4: N° Formulaire FE008 | M4: Enregistrement dans EDI | N4: Status
B5: TLP1762 - Crosscall Spider X-4 | C5: =IFERROR(VLOOKUP(B5, Base_numéro!A:B, 2, FALSE), "") -> 620024461 | D5: BENHAMMOUDA Saadedine | E5: pas de formulaire | F5: 44159 | G5: ? | J5: PE20DIS490 /SUPPORTWEB | K5: France | M5: ------------ | N5: TLP1762 - Loué
B6: TLP1611 - iPhone SE 32 Go | C6: =IFERROR(VLOOKUP(B6, Base_numéro!A:B, 2, FALSE), "") -> 612938590 | D6: FEROT Peggy | E6: DEM0000527 | F6: 45009 | G6: prolongé jusqu'au 30/06/2025 | J6: FP24DEP018 / 1 | K6: Orléans | N6: TLP1611 - Loué
C7: =IFERROR(VLOOKUP(B7, Base_numéro!A:B, 2, FALSE), "")
C8: =IFERROR(VLOOKUP(B8, Base_numéro!A:B, 2, FALSE), "")
C9: =IFERROR(VLOOKUP(B9, Base_numéro!A:B, 2, FALSE), "")
C10: =IFERROR(VLOOKUP(B10, Base_numéro!A:B, 2, FALSE), "")
C11: =IFERROR(VLOOKUP(B11, Base_numéro!A:B, 2, FALSE), "")
C12: =IFERROR(VLOOKUP(B12, Base_numéro!A:B, 2, FALSE), "")
C13: =IFERROR(VLOOKUP(B13, Base_numéro!A:B, 2, FALSE), "")
C14: =IFERROR(VLOOKUP(B14, Base_numéro!A:B, 2, FALSE), "")
C15: =IFERROR(VLOOKUP(B15, Base_numéro!A:B, 2, FALSE), "")
C16: =IFERROR(VLOOKUP(B16, Base_numéro!A:B, 2, FALSE), "")
C17: =IFERROR(VLOOKUP(B17, Base_numéro!A:B, 2, FALSE), "")
C18: =IFERROR(VLOOKUP(B18, Base_numéro!A:B, 2, FALSE), "")
... C20: =IFERROR(VLOOKUP(B20, Base_numéro!A:B, 2, FALSE), "")

Sheet Base Octobre
A1: Liste déroulante | B1: N° de machine | C1: Quantités Initiale | D1: Quantités Restante | E1: Statut
A2: =IF(D2>0,B2," ") -> BEW170 - HUAWEI Mobile 4G | B2: BEW170 - HUAWEI Mobile 4G | C2: 1 | D2: =C2-(COUNTIF(Octobre!$N$5:$N$75,'Base Octobre'!E2)) -> 1 | E2: BEW170 - Loué
A3: =IF(D3>0,B3," ") -> BEW172 - HUAWEI Mobile 4G | B3: BEW172 - HUAWEI Mobile 4G | C3: 1 | D3: =C3-(COUNTIF(Octobre!$N$5:$N$75,'Base Octobre'!E3)) -> 1 | E3: BEW172 -Loué
A4: =IF(D4>0,B4," ") -> TLP1462 - iPhone 5S | B4: TLP1462 - iPhone 5S | C4: 1 | D4: =C4-(COUNTIF(Octobre!$N$5:$N$75,'Base Octobre'!E4)) -> 1 | E4: TLP1462 - Loué
A5: =IF(D5>0,B5," ") | B5: TLP1611 - iPhone SE 32 Go | C5: 1 | D5: =C5-(COUNTIF(Octobre!$N$5:$N$75,'Base Octobre'!E5)) -> 0 | E5: TLP1611 - Loué
A6: =IF(D6>0,B6," ") -> TLP1733 - Crosscall Spider X-1 | B6: TLP1733 - Crosscall Spider X-1 | C6: 1 | D6: =C6-(COUNTIF(Octobre!$N$5:$N$75,'Base Octobre'!E6)) -> 1 | E6: TLP1733 - Loué
A7: =IF(D7>0,B7," ") -> TLP1734 - Crosscall Spider X-1 | B7: TLP1734 - Crosscall Spider X-1 | C7: 1 | D7: =C7-(COUNTIF(Octobre!$N$5:$N$75,'Base Octobre'!E7)) -> 1 | E7: TLP1734 - Loué
A8: =IF(D8>0,B8," ") -> TLP1735 - Crosscall Spider X-1 | B8: TLP1735 - Crosscall Spider X-1 | C8: 1 | D8: =C8-(COUNTIF(Octobre!$N$5:$N$75,'Base Octobre'!E8)) -> 1 | E8: TLP1735 - Loué
A9: =IF(D9>0,B9," ") -> TLP1736 - Crosscall Spider X-1 | B9: TLP1736 - Crosscall Spider X-1 | C9: 1 | D9: =C9-(COUNTIF(Octobre!$N$5:$N$75,'Base Octobre'!E9)) -> 1 | E9: TLP1736 - Loué
A10: =IF(D10>0,B10," ") | B10: TLP1762 - Crosscall Spider X-4 | C10: 1 | D10: =C10-(COUNTIF(Octobre!$N$5:$N$75,'Base Octobre'!E10)) -> 0 | E10: TLP1762 - Loué
A11: =IF(D11>0,B11," ") -> TLP1862 - Mission Sensible | B11: TLP1862 - Mission Sensible | C11: 1 | D11: =C11-(COUNTIF(Octobre!$N$5:$N$75,'Base Octobre'!E11)) -> 1 | E11: TLP1862 - Loué
A12: =IF(D12>0,B12," ") -> TLP1866 - Mission Sensible | B12: TLP1866 - Mission Sensible | C12: 1 | D12: =C12-(COUNTIF(Octobre!$N$5:$N$75,'Base Octobre'!E12)) -> 1 | E12: TLP1866 - Loué
A13: =IF(D13>0,B13," ") -> TLP1872 - Mission Sensible | B13: TLP1872 - Mission Sensible | C13: 1 | D13: =C13-(COUNTIF(Octobre!$N$5:$N$75,'Base Octobre'!E13)) -> 1 | E13: TLP1872 - Loué
... A22: =IF(D22>0,B22," ") -> TLP2197 - CROSSCALL CORE M5 | B22: TLP2197 - CROSSCALL CORE M5 | C22: 1 | D22: =C22-(COUNTIF(Octobre!$N$5:$N$75,'Base Octobre'!E22)) -> 1 | E22: TLP2197 - Loué
E23: Prêt créé
E24: Location cloturé

Sheet Octobre
B3: Tableau de location 3150 - Janvier
B4: N° de téléphone | C4: N°Téléphone | D4: Nom de l'emprunteur | E4: N° de dossier | F4: Date début de Loc | G4: Date de fin de Loc prévu | H4: Retour location | I4: Récupéré par le | J4: imputation | K4: Destination | L4: N° Formulaire FE008 | M4: Enregistrement dans EDI | N4: Status
B5: TLP1762 - Crosscall Spider X-4 | C5: =IFERROR(VLOOKUP(B5, Base_numéro!A:B, 2, FALSE), "") -> 620024461 | D5: BENHAMMOUDA Saadedine | E5: pas de formulaire | F5: 44159 | G5: ? | J5: PE20DIS490 /SUPPORTWEB | K5: France | M5: ------------ | N5: TLP1762 - Loué
B6: TLP1611 - iPhone SE 32 Go | C6: =IFERROR(VLOOKUP(B6, Base_numéro!A:B, 2, FALSE), "") -> 612938590 | D6: FEROT Peggy | E6: DEM0000527 | F6: 45009 | G6: prolongé jusqu'au 30/06/2025 | J6: FP24DEP018 / 1 | K6: Orléans | N6: TLP1611 - Loué
C7: =IFERROR(VLOOKUP(B7, Base_numéro!A:B, 2, FALSE), "")
C8: =IFERROR(VLOOKUP(B8, Base_numéro!A:B, 2, FALSE), "")
C9: =IFERROR(VLOOKUP(B9, Base_numéro!A:B, 2, FALSE), "")
C10: =IFERROR(VLOOKUP(B10, Base_numéro!A:B, 2, FALSE), "")
C11: =IFERROR(VLOOKUP(B11, Base_numéro!A:B, 2, FALSE), "")
C12: =IFERROR(VLOOKUP(B12, Base_numéro!A:B, 2, FALSE), "")
C13: =IFERROR(VLOOKUP(B13, Base_numéro!A:B, 2, FALSE), "")
C14: =IFERROR(VLOOKUP(B14, Base_numéro!A:B, 2, FALSE), "")
C15: =IFERROR(VLOOKUP(B15, Base_numéro!A:B, 2, FALSE), "")
C16: =IFERROR(VLOOKUP(B16, Base_numéro!A:B, 2, FALSE), "")
C17: =IFERROR(VLOOKUP(B17, Base_numéro!A:B, 2, FALSE), "")
C18: =IFERROR(VLOOKUP(B18, Base_numéro!A:B, 2, FALSE), "")
... C20: =IFERROR(VLOOKUP(B20, Base_numéro!A:B, 2, FALSE), "")

Sheet Base Novembre
A1: Liste déroulante | B1: N° de machine | C1: Quantités Initiale | D1: Quantités Restante | E1: Statut
A2: =IF(D2>0,B2," ") -> BEW170 - HUAWEI Mobile 4G | B2: BEW170 - HUAWEI Mobile 4G | C2: 1 | D2: =C2-(COUNTIF(Novembre!$N$5:$N$75,'Base Novembre'!E2)) -> 1 | E2: BEW170 - Loué
A3: =IF(D3>0,B3," ") -> BEW172 - HUAWEI Mobile 4G | B3: BEW172 - HUAWEI Mobile 4G | C3: 1 | D3: =C3-(COUNTIF(Novembre!$N$5:$N$75,'Base Novembre'!E3)) -> 1 | E3: BEW172 -Loué
A4: =IF(D4>0,B4," ") -> TLP1462 - iPhone 5S | B4: TLP1462 - iPhone 5S | C4: 1 | D4: =C4-(COUNTIF(Novembre!$N$5:$N$75,'Base Novembre'!E4)) -> 1 | E4: TLP1462 - Loué
A5: =IF(D5>0,B5," ") | B5: TLP1611 - iPhone SE 32 Go | C5: 1 | D5: =C5-(COUNTIF(Novembre!$N$5:$N$75,'Base Novembre'!E5)) -> 0 | E5: TLP1611 - Loué
A6: =IF(D6>0,B6," ") -> TLP1733 - Crosscall Spider X-1 | B6: TLP1733 - Crosscall Spider X-1 | C6: 1 | D6: =C6-(COUNTIF(Novembre!$N$5:$N$75,'Base Novembre'!E6)) -> 1 | E6: TLP1733 - Loué
A7: =IF(D7>0,B7," ") -> TLP1734 - Crosscall Spider X-1 | B7: TLP1734 - Crosscall Spider X-1 | C7: 1 | D7: =C7-(COUNTIF(Novembre!$N$5:$N$75,'Base Novembre'!E7)) -> 1 | E7: TLP1734 - Loué
A8: =IF(D8>0,B8," ") -> TLP1735 - Crosscall Spider X-1 | B8: TLP1735 - Crosscall Spider X-1 | C8: 1 | D8: =C8-(COUNTIF(Novembre!$N$5:$N$75,'Base Novembre'!E8)) -> 1 | E8: TLP1735 - Loué
A9: =IF(D9>0,B9," ") -> TLP1736 - Crosscall Spider X-1 | B9: TLP1736 - Crosscall Spider X-1 | C9: 1 | D9: =C9-(COUNTIF(Novembre!$N$5:$N$75,'Base Novembre'!E9)) -> 1 | E9: TLP1736 - Loué
A10: =IF(D10>0,B10," ") | B10: TLP1762 - Crosscall Spider X-4 | C10: 1 | D10: =C10-(COUNTIF(Novembre!$N$5:$N$75,'Base Novembre'!E10)) -> 0 | E10: TLP1762 - Loué
A11: =IF(D11>0,B11," ") -> TLP1862 - Mission Sensible | B11: TLP1862 - Mission Sensible | C11: 1 | D11: =C11-(COUNTIF(Novembre!$N$5:$N$75,'Base Novembre'!E11)) -> 1 | E11: TLP1862 - Loué
A12: =IF(D12>0,B12," ") -> TLP1866 - Mission Sensible | B12: TLP1866 - Mission Sensible | C12: 1 | D12: =C12-(COUNTIF(Novembre!$N$5:$N$75,'Base Novembre'!E12)) -> 1 | E12: TLP1866 - Loué
A13: =IF(D13>0,B13," ") -> TLP1872 - Mission Sensible | B13: TLP1872 - Mission Sensible | C13: 1 | D13: =C13-(COUNTIF(Novembre!$N$5:$N$75,'Base Novembre'!E13)) -> 1 | E13: TLP1872 - Loué
... A22: =IF(D22>0,B22," ") -> TLP2197 - CROSSCALL CORE M5 | B22: TLP2197 - CROSSCALL CORE M5 | C22: 1 | D22: =C22-(COUNTIF(Novembre!$N$5:$N$75,'Base Novembre'!E22)) -> 1 | E22: TLP2197 - Loué
E23: Prêt créé
E24: Location cloturé

Sheet Base Décembre
A1: Liste déroulante | B1: N° de machine | C1: Quantités Initiale | D1: Quantités Restante | E1: Statut
A2: =IF(D2>0,B2," ") -> BEW170 - HUAWEI Mobile 4G | B2: BEW170 - HUAWEI Mobile 4G | C2: 1 | D2: =C2-(COUNTIF(Décembre!$N$5:$N$75,'Base Décembre'!E2)) -> 1 | E2: BEW170 - Loué
A3: =IF(D3>0,B3," ") -> BEW172 - HUAWEI Mobile 4G | B3: BEW172 - HUAWEI Mobile 4G | C3: 1 | D3: =C3-(COUNTIF(Décembre!$N$5:$N$75,'Base Décembre'!E3)) -> 1 | E3: BEW172 -Loué
A4: =IF(D4>0,B4," ") -> TLP1462 - iPhone 5S | B4: TLP1462 - iPhone 5S | C4: 1 | D4: =C4-(COUNTIF(Décembre!$N$5:$N$75,'Base Décembre'!E4)) -> 1 | E4: TLP1462 - Loué
A5: =IF(D5>0,B5," ") | B5: TLP1611 - iPhone SE 32 Go | C5: 1 | D5: =C5-(COUNTIF(Décembre!$N$5:$N$75,'Base Décembre'!E5)) -> 0 | E5: TLP1611 - Loué
A6: =IF(D6>0,B6," ") -> TLP1733 - Crosscall Spider X-1 | B6: TLP1733 - Crosscall Spider X-1 | C6: 1 | D6: =C6-(COUNTIF(Décembre!$N$5:$N$75,'Base Décembre'!E6)) -> 1 | E6: TLP1733 - Loué
A7: =IF(D7>0,B7," ") -> TLP1734 - Crosscall Spider X-1 | B7: TLP1734 - Crosscall Spider X-1 | C7: 1 | D7: =C7-(COUNTIF(Décembre!$N$5:$N$75,'Base Décembre'!E7)) -> 1 | E7: TLP1734 - Loué
A8: =IF(D8>0,B8," ") -> TLP1735 - Crosscall Spider X-1 | B8: TLP1735 - Crosscall Spider X-1 | C8: 1 | D8: =C8-(COUNTIF(Décembre!$N$5:$N$75,'Base Décembre'!E8)) -> 1 | E8: TLP1735 - Loué
A9: =IF(D9>0,B9," ") -> TLP1736 - Crosscall Spider X-1 | B9: TLP1736 - Crosscall Spider X-1 | C9: 1 | D9: =C9-(COUNTIF(Décembre!$N$5:$N$75,'Base Décembre'!E9)) -> 1 | E9: TLP1736 - Loué
A10: =IF(D10>0,B10," ") | B10: TLP1762 - Crosscall Spider X-4 | C10: 1 | D10: =C10-(COUNTIF(Décembre!$N$5:$N$75,'Base Décembre'!E10)) -> 0 | E10: TLP1762 - Loué
A11: =IF(D11>0,B11," ") -> TLP1862 - Mission Sensible | B11: TLP1862 - Mission Sensible | C11: 1 | D11: =C11-(COUNTIF(Décembre!$N$5:$N$75,'Base Décembre'!E11)) -> 1 | E11: TLP1862 - Loué
A12: =IF(D12>0,B12," ") -> TLP1866 - Mission Sensible | B12: TLP1866 - Mission Sensible | C12: 1 | D12: =C12-(COUNTIF(Décembre!$N$5:$N$75,'Base Décembre'!E12)) -> 1 | E12: TLP1866 - Loué
A13: =IF(D13>0,B13," ") -> TLP1872 - Mission Sensible | B13: TLP1872 - Mission Sensible | C13: 1 | D13: =C13-(COUNTIF(Décembre!$N$5:$N$75,'Base Décembre'!E13)) -> 1 | E13: TLP1872 - Loué
... A22: =IF(D22>0,B22," ") -> TLP2197 - CROSSCALL CORE M5 | B22: TLP2197 - CROSSCALL CORE M5 | C22: 1 | D22: =C22-(COUNTIF(Décembre!$N$5:$N$75,'Base Décembre'!E22)) -> 1 | E22: TLP2197 - Loué
E23: Prêt créé
E24: Location cloturé

Sheet Novembre
B3: Tableau de location 3150 - Janvier
B4: N° de téléphone | C4: N°Téléphone | D4: Nom de l'emprunteur | E4: N° de dossier | F4: Date début de Loc | G4: Date de fin de Loc prévu | H4: Retour location | I4: Récupéré par le | J4: imputation | K4: Destination | L4: N° Formulaire FE008 | M4: Enregistrement dans EDI | N4: Status
B5: TLP1762 - Crosscall Spider X-4 | C5: =IFERROR(VLOOKUP(B5, Base_numéro!A:B, 2, FALSE), "") -> 620024461 | D5: BENHAMMOUDA Saadedine | E5: pas de formulaire | F5: 44159 | G5: ? | J5: PE20DIS490 /SUPPORTWEB | K5: France | M5: ------------ | N5: TLP1762 - Loué
B6: TLP1611 - iPhone SE 32 Go | C6: =IFERROR(VLOOKUP(B6, Base_numéro!A:B, 2, FALSE), "") -> 612938590 | D6: FEROT Peggy | E6: DEM0000527 | F6: 45009 | G6: prolongé jusqu'au 30/06/2025 | J6: FP24DEP018 / 1 | K6: Orléans | N6: TLP1611 - Loué
C7: =IFERROR(VLOOKUP(B7, Base_numéro!A:B, 2, FALSE), "")
C8: =IFERROR(VLOOKUP(B8, Base_numéro!A:B, 2, FALSE), "")
C9: =IFERROR(VLOOKUP(B9, Base_numéro!A:B, 2, FALSE), "")
C10: =IFERROR(VLOOKUP(B10, Base_numéro!A:B, 2, FALSE), "")
C11: =IFERROR(VLOOKUP(B11, Base_numéro!A:B, 2, FALSE), "")
C12: =IFERROR(VLOOKUP(B12, Base_numéro!A:B, 2, FALSE), "")
C13: =IFERROR(VLOOKUP(B13, Base_numéro!A:B, 2, FALSE), "")
C14: =IFERROR(VLOOKUP(B14, Base_numéro!A:B, 2, FALSE), "")
C15: =IFERROR(VLOOKUP(B15, Base_numéro!A:B, 2, FALSE), "")
C16: =IFERROR(VLOOKUP(B16, Base_numéro!A:B, 2, FALSE), "")
C17: =IFERROR(VLOOKUP(B17, Base_numéro!A:B, 2, FALSE), "")
C18: =IFERROR(VLOOKUP(B18, Base_numéro!A:B, 2, FALSE), "")
... C20: =IFERROR(VLOOKUP(B20, Base_numéro!A:B, 2, FALSE), "")

Sheet Décembre
B3: Tableau de location 3150 - Janvier
B4: N° de téléphone | C4: N°Téléphone | D4: Nom de l'emprunteur | E4: N° de dossier | F4: Date début de Loc | G4: Date de fin de Loc prévu | H4: Retour location | I4: Récupéré par le | J4: imputation | K4: Destination | L4: N° Formulaire FE008 | M4: Enregistrement dans EDI | N4: Status
B5: TLP1762 - Crosscall Spider X-4 | C5: =IFERROR(VLOOKUP(B5, Base_numéro!A:B, 2, FALSE), "") -> 620024461 | D5: BENHAMMOUDA Saadedine | E5: pas de formulaire | F5: 44159 | G5: ? | J5: PE20DIS490 /SUPPORTWEB | K5: France | M5: ------------ | N5: TLP1762 - Loué
B6: TLP1611 - iPhone SE 32 Go | C6: =IFERROR(VLOOKUP(B6, Base_numéro!A:B, 2, FALSE), "") -> 612938590 | D6: FEROT Peggy | E6: DEM0000527 | F6: 45009 | G6: prolongé jusqu'au 30/06/2025 | J6: FP24DEP018 / 1 | K6: Orléans | N6: TLP1611 - Loué
C7: =IFERROR(VLOOKUP(B7, Base_numéro!A:B, 2, FALSE), "")
C8: =IFERROR(VLOOKUP(B8, Base_numéro!A:B, 2, FALSE), "")
C9: =IFERROR(VLOOKUP(B9, Base_numéro!A:B, 2, FALSE), "")
C10: =IFERROR(VLOOKUP(B10, Base_numéro!A:B, 2, FALSE), "")
C11: =IFERROR(VLOOKUP(B11, Base_numéro!A:B, 2, FALSE), "")
C12: =IFERROR(VLOOKUP(B12, Base_numéro!A:B, 2, FALSE), "")
C13: =IFERROR(VLOOKUP(B13, Base_numéro!A:B, 2, FALSE), "")
C14: =IFERROR(VLOOKUP(B14, Base_numéro!A:B, 2, FALSE), "")
C15: =IFERROR(VLOOKUP(B15, Base_numéro!A:B, 2, FALSE), "")
C16: =IFERROR(VLOOKUP(B16, Base_numéro!A:B, 2, FALSE), "")
C17: =IFERROR(VLOOKUP(B17, Base_numéro!A:B, 2, FALSE), "")
C18: =IFERROR(VLOOKUP(B18, Base_numéro!A:B, 2, FALSE), "")
... C20: =IFERROR(VLOOKUP(B20, Base_numéro!A:B, 2, FALSE), "")
